State,State_Code,Year,Year_Code,Deaths,Population,Crude_Rate
Alabama,01,1999,1999,37,4430141,0.835
Alabama,01,2000,2000,43,4447100,0.967
Alabama,01,2001,2001,57,4467634,1.276
Alabama,01,2002,2002,71,4480089,1.585
Alabama,01,2003,2003,49,4503491,1.088
Alabama,01,2004,2004,83,4530729,1.832
Alabama,01,2005,2005,80,4569805,1.751
Alabama,01,2006,2006,124,4628981,2.679
Alabama,01,2007,2007,165,4672840,3.531
Alabama,01,2008,2008,185,4718206,3.921
Alabama,01,2009,2009,206,4757938,4.33
Alabama,01,2010,2010,187,4779736,3.912
Alabama,01,2011,2011,176,4802740,3.665
Alabama,01,2012,2012,165,4822023,3.422
Alabama,01,2013,2013,166,4833722,3.434
Alabama,01,2014,2014,270,4849377,5.568
Alabama,01,2015,2015,282,4858979,5.804
Alabama,01,2016,2016,343,4863300,7.053
Alabama,01,2017,2017,422,4874747,8.657
Alaska,02,1999,1999,27,624779,4.322
Alaska,02,2000,2000,27,626932,4.307
Alaska,02,2001,2001,14,633714,Unreliable
Alaska,02,2002,2002,Suppressed,642337,Suppressed
Alaska,02,2003,2003,11,648414,Unreliable
Alaska,02,2004,2004,10,659286,Unreliable
Alaska,02,2005,2005,18,666946,Unreliable
Alaska,02,2006,2006,29,675302,4.294
Alaska,02,2007,2007,15,680300,Unreliable
Alaska,02,2008,2008,88,687455,12.801
Alaska,02,2009,2009,90,698895,12.877
Alaska,02,2010,2010,62,710231,8.73
Alaska,02,2011,2011,66,722718,9.132
Alaska,02,2012,2012,81,731449,11.074
Alaska,02,2013,2013,69,735132,9.386
Alaska,02,2014,2014,76,736732,10.316
Alaska,02,2015,2015,86,738432,11.646
Alaska,02,2016,2016,94,741894,12.67
Alaska,02,2017,2017,102,739795,13.788
Arizona,04,1999,1999,229,5023823,4.558
Arizona,04,2000,2000,235,5130632,4.58
Arizona,04,2001,2001,265,5273477,5.025
Arizona,04,2002,2002,320,5396255,5.93
Arizona,04,2003,2003,340,5510364,6.17
Arizona,04,2004,2004,344,5652404,6.086
Arizona,04,2005,2005,375,5839077,6.422
Arizona,04,2006,2006,459,6029141,7.613
Arizona,04,2007,2007,461,6167681,7.474
Arizona,04,2008,2008,494,6280362,7.866
Arizona,04,2009,2009,605,6343154,9.538
Arizona,04,2010,2010,626,6392017,9.793
Arizona,04,2011,2011,562,6482505,8.669
Arizona,04,2012,2012,526,6553255,8.027
Arizona,04,2013,2013,527,6626624,7.953
Arizona,04,2014,2014,589,6731484,8.75
Arizona,04,2015,2015,671,6828065,9.827
Arizona,04,2016,2016,769,6931071,11.095
Arizona,04,2017,2017,928,7016270,13.226
Arkansas,05,1999,1999,28,2651860,1.056
Arkansas,05,2000,2000,20,2673400,0.748
Arkansas,05,2001,2001,30,2691571,1.115
Arkansas,05,2002,2002,90,2705927,3.326
Arkansas,05,2003,2003,89,2724816,3.266
Arkansas,05,2004,2004,127,2749686,4.619
Arkansas,05,2005,2005,123,2781097,4.423
Arkansas,05,2006,2006,140,2821761,4.961
Arkansas,05,2007,2007,148,2848650,5.195
Arkansas,05,2008,2008,197,2874554,6.853
Arkansas,05,2009,2009,201,2896843,6.939
Arkansas,05,2010,2010,189,2915918,6.482
Arkansas,05,2011,2011,169,2937979,5.752
Arkansas,05,2012,2012,169,2949131,5.731
Arkansas,05,2013,2013,162,2959373,5.474
Arkansas,05,2014,2014,173,2966369,5.832
Arkansas,05,2015,2015,203,2978204,6.816
Arkansas,05,2016,2016,169,2988248,5.655
Arkansas,05,2017,2017,188,3004279,6.258
California,06,1999,1999,1474,33499204,4.4
California,06,2000,2000,1012,33871648,2.988
California,06,2001,2001,551,34479458,1.598
California,06,2002,2002,1453,34871843,4.167
California,06,2003,2003,1398,35253159,3.966
California,06,2004,2004,1413,35574576,3.972
California,06,2005,2005,1372,35827943,3.829
California,06,2006,2006,1511,36021202,4.195
California,06,2007,2007,1657,36250311,4.571
California,06,2008,2008,1801,36604337,4.92
California,06,2009,2009,1987,36961229,5.376
California,06,2010,2010,1929,37253956,5.178
California,06,2011,2011,1938,37691912,5.142
California,06,2012,2012,1719,38041430,4.519
California,06,2013,2013,1948,38332521,5.082
California,06,2014,2014,2024,38802500,5.216
California,06,2015,2015,2018,39144818,5.155
California,06,2016,2016,2012,39250017,5.126
California,06,2017,2017,2199,39536653,5.562
Colorado,08,1999,1999,164,4226018,3.881
Colorado,08,2000,2000,174,4301261,4.045
Colorado,08,2001,2001,192,4425687,4.338
Colorado,08,2002,2002,196,4490406,4.365
Colorado,08,2003,2003,213,4528732,4.703
Colorado,08,2004,2004,224,4575013,4.896
Colorado,08,2005,2005,295,4631888,6.369
Colorado,08,2006,2006,326,4720423,6.906
Colorado,08,2007,2007,353,4803868,7.348
Colorado,08,2008,2008,355,4889730,7.26
Colorado,08,2009,2009,397,4972195,7.984
Colorado,08,2010,2010,304,5029196,6.045
Colorado,08,2011,2011,418,5116796,8.169
Colorado,08,2012,2012,407,5187582,7.846
Colorado,08,2013,2013,433,5268367,8.219
Colorado,08,2014,2014,517,5355866,9.653
Colorado,08,2015,2015,495,5456574,9.072
Colorado,08,2016,2016,536,5540545,9.674
Colorado,08,2017,2017,578,5607154,10.308
Connecticut,09,1999,1999,151,3386401,4.459
Connecticut,09,2000,2000,165,3405565,4.845
Connecticut,09,2001,2001,149,3432835,4.34
Connecticut,09,2002,2002,172,3458749,4.973
Connecticut,09,2003,2003,167,3484336,4.793
Connecticut,09,2004,2004,193,3496094,5.52
Connecticut,09,2005,2005,163,3506956,4.648
Connecticut,09,2006,2006,224,3517460,6.368
Connecticut,09,2007,2007,244,3527270,6.918
Connecticut,09,2008,2008,230,3545579,6.487
Connecticut,09,2009,2009,216,3561807,6.064
Connecticut,09,2010,2010,223,3574097,6.239
Connecticut,09,2011,2011,209,3580709,5.837
Connecticut,09,2012,2012,201,3590347,5.598
Connecticut,09,2013,2013,439,3596080,12.208
Connecticut,09,2014,2014,525,3596677,14.597
Connecticut,09,2015,2015,685,3590886,19.076
Connecticut,09,2016,2016,855,3576452,23.906
Connecticut,09,2017,2017,955,3588184,26.615
Delaware,10,1999,1999,32,774990,4.129
Delaware,10,2000,2000,29,783600,3.701
Delaware,10,2001,2001,36,795699,4.524
Delaware,10,2002,2002,48,806169,5.954
Delaware,10,2003,2003,37,818003,4.523
Delaware,10,2004,2004,35,830803,4.213
Delaware,10,2005,2005,29,845150,3.431
Delaware,10,2006,2006,37,859268,4.306
Delaware,10,2007,2007,45,871749,5.162
Delaware,10,2008,2008,65,883874,7.354
Delaware,10,2009,2009,81,891730,9.083
Delaware,10,2010,2010,103,897934,11.471
Delaware,10,2011,2011,113,907135,12.457
Delaware,10,2012,2012,82,917092,8.941
Delaware,10,2013,2013,113,925749,12.206
Delaware,10,2014,2014,124,935614,13.253
Delaware,10,2015,2015,133,945934,14.06
Delaware,10,2016,2016,154,952065,16.175
Delaware,10,2017,2017,250,961939,25.989
District of Columbia,11,1999,1999,28,570213,4.91
District of Columbia,11,2000,2000,43,572059,7.517
District of Columbia,11,2001,2001,46,574504,8.007
District of Columbia,11,2002,2002,29,573158,5.06
District of Columbia,11,2003,2003,60,568502,10.554
District of Columbia,11,2004,2004,53,567754,9.335
District of Columbia,11,2005,2005,44,567136,7.758
District of Columbia,11,2006,2006,55,570681,9.638
District of Columbia,11,2007,2007,29,574404,5.049
District of Columbia,11,2008,2008,31,580236,5.343
District of Columbia,11,2009,2009,13,592228,Unreliable
District of Columbia,11,2010,2010,34,601723,5.65
District of Columbia,11,2011,2011,51,617996,8.252
District of Columbia,11,2012,2012,44,632323,6.958
District of Columbia,11,2013,2013,60,646449,9.281
District of Columbia,11,2014,2014,63,658893,9.561
District of Columbia,11,2015,2015,98,672228,14.578
District of Columbia,11,2016,2016,209,681170,30.683
District of Columbia,11,2017,2017,244,693972,35.16
Florida,12,1999,1999,402,15759421,2.551
Florida,12,2000,2000,556,15982378,3.479
Florida,12,2001,2001,846,16356966,5.172
Florida,12,2002,2002,959,16689370,5.746
Florida,12,2003,2003,1043,17004085,6.134
Florida,12,2004,2004,1196,17415318,6.868
Florida,12,2005,2005,1097,17842038,6.148
Florida,12,2006,2006,1223,18166990,6.732
Florida,12,2007,2007,1473,18367842,8.019
Florida,12,2008,2008,1478,18527305,7.977
Florida,12,2009,2009,1590,18652644,8.524
Florida,12,2010,2010,1674,18801310,8.904
Florida,12,2011,2011,1576,19057542,8.27
Florida,12,2012,2012,1326,19317568,6.864
Florida,12,2013,2013,1268,19552860,6.485
Florida,12,2014,2014,1399,19893297,7.033
Florida,12,2015,2015,1838,20271272,9.067
Florida,12,2016,2016,2798,20612439,13.574
Florida,12,2017,2017,3245,20984400,15.464
Georgia,13,1999,1999,83,8045965,1.032
Georgia,13,2000,2000,115,8186453,1.405
Georgia,13,2001,2001,183,8377038,2.185
Georgia,13,2002,2002,215,8508256,2.527
Georgia,13,2003,2003,236,8622793,2.737
Georgia,13,2004,2004,258,8769252,2.942
Georgia,13,2005,2005,300,8925922,3.361
Georgia,13,2006,2006,331,9155813,3.615
Georgia,13,2007,2007,385,9349988,4.118
Georgia,13,2008,2008,404,9504843,4.25
Georgia,13,2009,2009,490,9620846,5.093
Georgia,13,2010,2010,534,9687653,5.512
Georgia,13,2011,2011,535,9815210,5.451
Georgia,13,2012,2012,536,9919945,5.403
Georgia,13,2013,2013,530,9992167,5.304
Georgia,13,2014,2014,710,10097343,7.032
Georgia,13,2015,2015,858,10214860,8.4
Georgia,13,2016,2016,918,10310371,8.904
Georgia,13,2017,2017,1014,10429379,9.723
Hawaii,15,1999,1999,30,1210300,2.479
Hawaii,15,2000,2000,29,1211537,2.394
Hawaii,15,2001,2001,38,1225948,3.1
Hawaii,15,2002,2002,46,1239613,3.711
Hawaii,15,2003,2003,43,1251154,3.437
Hawaii,15,2004,2004,57,1273569,4.476
Hawaii,15,2005,2005,67,1292729,5.183
Hawaii,15,2006,2006,54,1309731,4.123
Hawaii,15,2007,2007,78,1315675,5.929
Hawaii,15,2008,2008,53,1332213,3.978
Hawaii,15,2009,2009,57,1346717,4.233
Hawaii,15,2010,2010,74,1360301,5.44
Hawaii,15,2011,2011,77,1374810,5.601
Hawaii,15,2012,2012,62,1392313,4.453
Hawaii,15,2013,2013,69,1404054,4.914
Hawaii,15,2014,2014,59,1419561,4.156
Hawaii,15,2015,2015,62,1431603,4.331
Hawaii,15,2016,2016,77,1428557,5.39
Hawaii,15,2017,2017,53,1427538,3.713
Idaho,16,1999,1999,31,1275674,2.43
Idaho,16,2000,2000,28,1293953,2.164
Idaho,16,2001,2001,51,1319962,3.864
Idaho,16,2002,2002,45,1340372,3.357
Idaho,16,2003,2003,54,1363380,3.961
Idaho,16,2004,2004,47,1391802,3.377
Idaho,16,2005,2005,50,1428241,3.501
Idaho,16,2006,2006,70,1468669,4.766
Idaho,16,2007,2007,62,1505105,4.119
Idaho,16,2008,2008,72,1534320,4.693
Idaho,16,2009,2009,62,1554439,3.989
Idaho,16,2010,2010,79,1567582,5.04
Idaho,16,2011,2011,77,1584985,4.858
Idaho,16,2012,2012,59,1595728,3.697
Idaho,16,2013,2013,77,1612136,4.776
Idaho,16,2014,2014,78,1634464,4.772
Idaho,16,2015,2015,90,1654930,5.438
Idaho,16,2016,2016,119,1683140,7.07
Idaho,16,2017,2017,103,1716943,5.999
Illinois,17,1999,1999,483,12359020,3.908
Illinois,17,2000,2000,558,12419293,4.493
Illinois,17,2001,2001,525,12488445,4.204
Illinois,17,2002,2002,569,12525556,4.543
Illinois,17,2003,2003,460,12556006,3.664
Illinois,17,2004,2004,532,12589773,4.226
Illinois,17,2005,2005,590,12609903,4.679
Illinois,17,2006,2006,870,12643955,6.881
Illinois,17,2007,2007,691,12695866,5.443
Illinois,17,2008,2008,846,12747038,6.637
Illinois,17,2009,2009,886,12796778,6.924
Illinois,17,2010,2010,867,12830632,6.757
Illinois,17,2011,2011,907,12869257,7.048
Illinois,17,2012,2012,1151,12875255,8.94
Illinois,17,2013,2013,1072,12882135,8.322
Illinois,17,2014,2014,1205,12880580,9.355
Illinois,17,2015,2015,1381,12859995,10.739
Illinois,17,2016,2016,1947,12801539,15.209
Illinois,17,2017,2017,2202,12802023,17.2
Indiana,18,1999,1999,46,6044969,0.761
Indiana,18,2000,2000,41,6080485,0.674
Indiana,18,2001,2001,67,6127760,1.093
Indiana,18,2002,2002,63,6155967,1.023
Indiana,18,2003,2003,127,6196638,2.049
Indiana,18,2004,2004,138,6233007,2.214
Indiana,18,2005,2005,160,6278616,2.548
Indiana,18,2006,2006,176,6332669,2.779
Indiana,18,2007,2007,241,6379599,3.778
Indiana,18,2008,2008,311,6424806,4.841
Indiana,18,2009,2009,319,6459325,4.939
Indiana,18,2010,2010,289,6483802,4.457
Indiana,18,2011,2011,356,6516922,5.463
Indiana,18,2012,2012,375,6537334,5.736
Indiana,18,2013,2013,360,6570902,5.479
Indiana,18,2014,2014,462,6596855,7.003
Indiana,18,2015,2015,535,6619680,8.082
Indiana,18,2016,2016,794,6633053,11.97
Indiana,18,2017,2017,1176,6666818,17.64
Iowa,19,1999,1999,14,2917634,Unreliable
Iowa,19,2000,2000,19,2926324,Unreliable
Iowa,19,2001,2001,27,2931997,0.921
Iowa,19,2002,2002,37,2934234,1.261
Iowa,19,2003,2003,38,2941999,1.292
Iowa,19,2004,2004,61,2953635,2.065
Iowa,19,2005,2005,67,2964454,2.26
Iowa,19,2006,2006,93,2982644,3.118
Iowa,19,2007,2007,107,2999212,3.568
Iowa,19,2008,2008,127,3016734,4.21
Iowa,19,2009,2009,141,3032870,4.649
Iowa,19,2010,2010,147,3046355,4.825
Iowa,19,2011,2011,172,3062309,5.617
Iowa,19,2012,2012,171,3074186,5.562
Iowa,19,2013,2013,179,3090416,5.792
Iowa,19,2014,2014,158,3107126,5.085
Iowa,19,2015,2015,170,3123899,5.442
Iowa,19,2016,2016,183,3134693,5.838
Iowa,19,2017,2017,206,3145711,6.549
Kansas,20,1999,1999,25,2678338,0.933
Kansas,20,2000,2000,22,2688418,0.818
Kansas,20,2001,2001,47,2702162,1.739
Kansas,20,2002,2002,80,2713535,2.948
Kansas,20,2003,2003,75,2723004,2.754
Kansas,20,2004,2004,116,2734373,4.242
Kansas,20,2005,2005,106,2745299,3.861
Kansas,20,2006,2006,120,2762931,4.343
Kansas,20,2007,2007,117,2783785,4.203
Kansas,20,2008,2008,96,2808076,3.419
Kansas,20,2009,2009,148,2832704,5.225
Kansas,20,2010,2010,104,2853118,3.645
Kansas,20,2011,2011,118,2871238,4.11
Kansas,20,2012,2012,171,2885905,5.925
Kansas,20,2013,2013,158,2893957,5.46
Kansas,20,2014,2014,173,2904021,5.957
Kansas,20,2015,2015,150,2911641,5.152
Kansas,20,2016,2016,146,2907289,5.022
Kansas,20,2017,2017,144,2913123,4.943
Kentucky,21,1999,1999,52,4018053,1.294
Kentucky,21,2000,2000,92,4041769,2.276
Kentucky,21,2001,2001,144,4068132,3.54
Kentucky,21,2002,2002,177,4089875,4.328
Kentucky,21,2003,2003,234,4117170,5.684
Kentucky,21,2004,2004,221,4146101,5.33
Kentucky,21,2005,2005,285,4182742,6.814
Kentucky,21,2006,2006,331,4219239,7.845
Kentucky,21,2007,2007,343,4256672,8.058
Kentucky,21,2008,2008,365,4289878,8.508
Kentucky,21,2009,2009,434,4317074,10.053
Kentucky,21,2010,2010,591,4339367,13.619
Kentucky,21,2011,2011,669,4369356,15.311
Kentucky,21,2012,2012,673,4380415,15.364
Kentucky,21,2013,2013,665,4395295,15.13
Kentucky,21,2014,2014,729,4413457,16.518
Kentucky,21,2015,2015,885,4425092,20
Kentucky,21,2016,2016,989,4436974,22.29
Kentucky,21,2017,2017,1160,4454189,26.043
Louisiana,22,1999,1999,28,4460811,0.628
Louisiana,22,2000,2000,52,4468976,1.164
Louisiana,22,2001,2001,81,4477875,1.809
Louisiana,22,2002,2002,95,4497267,2.112
Louisiana,22,2003,2003,121,4521042,2.676
Louisiana,22,2004,2004,144,4552238,3.163
Louisiana,22,2005,2005,172,4576628,3.758
Louisiana,22,2006,2006,194,4302665,4.509
Louisiana,22,2007,2007,212,4375581,4.845
Louisiana,22,2008,2008,130,4435586,2.931
Louisiana,22,2009,2009,122,4491648,2.716
Louisiana,22,2010,2010,123,4533372,2.713
Louisiana,22,2011,2011,116,4574836,2.536
Louisiana,22,2012,2012,169,4601893,3.672
Louisiana,22,2013,2013,265,4625470,5.729
Louisiana,22,2014,2014,260,4649676,5.592
Louisiana,22,2015,2015,287,4670724,6.145
Louisiana,22,2016,2016,346,4681666,7.391
Louisiana,22,2017,2017,415,4684333,8.859
Maine,23,1999,1999,27,1266808,2.131
Maine,23,2000,2000,41,1274923,3.216
Maine,23,2001,2001,55,1285692,4.278
Maine,23,2002,2002,91,1295960,7.022
Maine,23,2003,2003,86,1306513,6.582
Maine,23,2004,2004,98,1313688,7.46
Maine,23,2005,2005,116,1318787,8.796
Maine,23,2006,2006,93,1323619,7.026
Maine,23,2007,2007,102,1327040,7.686
Maine,23,2008,2008,105,1330509,7.892
Maine,23,2009,2009,114,1329590,8.574
Maine,23,2010,2010,90,1328361,6.775
Maine,23,2011,2011,85,1328188,6.4
Maine,23,2012,2012,100,1329192,7.523
Maine,23,2013,2013,125,1328302,9.411
Maine,23,2014,2014,171,1330089,12.856
Maine,23,2015,2015,238,1329328,17.904
Maine,23,2016,2016,301,1331479,22.606
Maine,23,2017,2017,360,1335907,26.948
Maryland,24,1999,1999,487,5254509,9.268
Maryland,24,2000,2000,481,5296486,9.081
Maryland,24,2001,2001,489,5374691,9.098
Maryland,24,2002,2002,543,5440389,9.981
Maryland,24,2003,2003,558,5496269,10.152
Maryland,24,2004,2004,486,5546935,8.762
Maryland,24,2005,2005,495,5592379,8.851
Maryland,24,2006,2006,565,5627367,10.04
Maryland,24,2007,2007,600,5653408,10.613
Maryland,24,2008,2008,513,5684965,9.024
Maryland,24,2009,2009,586,5730388,10.226
Maryland,24,2010,2010,509,5773552,8.816
Maryland,24,2011,2011,546,5828289,9.368
Maryland,24,2012,2012,657,5884563,11.165
Maryland,24,2013,2013,749,5928814,12.633
Maryland,24,2014,2014,921,5976407,15.411
Maryland,24,2015,2015,1087,6006401,18.097
Maryland,24,2016,2016,1821,6016447,30.267
Maryland,24,2017,2017,1985,6052177,32.798
Massachusetts,25,1999,1999,326,6317345,5.16
Massachusetts,25,2000,2000,314,6349097,4.946
Massachusetts,25,2001,2001,500,6397634,7.815
Massachusetts,25,2002,2002,484,6417206,7.542
Massachusetts,25,2003,2003,588,6422565,9.155
Massachusetts,25,2004,2004,459,6412281,7.158
Massachusetts,25,2005,2005,557,6403290,8.699
Massachusetts,25,2006,2006,659,6410084,10.281
Massachusetts,25,2007,2007,649,6431559,10.091
Massachusetts,25,2008,2008,596,6468967,9.213
Massachusetts,25,2009,2009,622,6517613,9.543
Massachusetts,25,2010,2010,549,6547629,8.385
Massachusetts,25,2011,2011,655,6587536,9.943
Massachusetts,25,2012,2012,691,6646144,10.397
Massachusetts,25,2013,2013,888,6692824,13.268
Massachusetts,25,2014,2014,1140,6745408,16.9
Massachusetts,25,2015,2015,1550,6794422,22.813
Massachusetts,25,2016,2016,1990,6811779,29.214
Massachusetts,25,2017,2017,1913,6859819,27.887
Michigan,26,1999,1999,121,9897116,1.223
Michigan,26,2000,2000,180,9938444,1.811
Michigan,26,2001,2001,192,9991120,1.922
Michigan,26,2002,2002,227,10015710,2.266
Michigan,26,2003,2003,253,10041152,2.52
Michigan,26,2004,2004,351,10055315,3.491
Michigan,26,2005,2005,483,10051137,4.805
Michigan,26,2006,2006,594,10036081,5.919
Michigan,26,2007,2007,506,10001284,5.059
Michigan,26,2008,2008,643,9946889,6.464
Michigan,26,2009,2009,736,9901591,7.433
Michigan,26,2010,2010,695,9883640,7.032
Michigan,26,2011,2011,714,9876187,7.23
Michigan,26,2012,2012,685,9883360,6.931
Michigan,26,2013,2013,909,9895622,9.186
Michigan,26,2014,2014,1052,9909877,10.616
Michigan,26,2015,2015,1309,9922576,13.192
Michigan,26,2016,2016,1762,9928300,17.747
Michigan,26,2017,2017,2033,9962311,20.407
Minnesota,27,1999,1999,57,4873481,1.17
Minnesota,27,2000,2000,57,4919479,1.159
Minnesota,27,2001,2001,96,4982796,1.927
Minnesota,27,2002,2002,95,5018935,1.893
Minnesota,27,2003,2003,106,5053572,2.098
Minnesota,27,2004,2004,135,5087713,2.653
Minnesota,27,2005,2005,144,5119598,2.813
Minnesota,27,2006,2006,158,5163555,3.06
Minnesota,27,2007,2007,180,5207203,3.457
Minnesota,27,2008,2008,227,5247018,4.326
Minnesota,27,2009,2009,272,5281203,5.15
Minnesota,27,2010,2010,235,5303925,4.431
Minnesota,27,2011,2011,286,5344861,5.351
Minnesota,27,2012,2012,290,5379139,5.391
Minnesota,27,2013,2013,305,5420380,5.627
Minnesota,27,2014,2014,318,5457173,5.827
Minnesota,27,2015,2015,338,5489594,6.157
Minnesota,27,2016,2016,396,5519952,7.174
Minnesota,27,2017,2017,422,5576606,7.567
Mississippi,28,1999,1999,15,2828408,Unreliable
Mississippi,28,2000,2000,12,2844658,Unreliable
Mississippi,28,2001,2001,26,2852994,0.911
Mississippi,28,2002,2002,26,2858681,0.91
Mississippi,28,2003,2003,31,2868312,1.081
Mississippi,28,2004,2004,26,2889010,0.9
Mississippi,28,2005,2005,40,2905943,1.376
Mississippi,28,2006,2006,65,2904978,2.238
Mississippi,28,2007,2007,95,2928350,3.244
Mississippi,28,2008,2008,106,2947806,3.596
Mississippi,28,2009,2009,96,2958774,3.245
Mississippi,28,2010,2010,100,2967297,3.37
Mississippi,28,2011,2011,79,2978512,2.652
Mississippi,28,2012,2012,111,2984926,3.719
Mississippi,28,2013,2013,100,2991207,3.343
Mississippi,28,2014,2014,115,2994079,3.841
Mississippi,28,2015,2015,150,2992333,5.013
Mississippi,28,2016,2016,180,2988726,6.023
Mississippi,28,2017,2017,185,2984100,6.2
Missouri,29,1999,1999,100,5561948,1.798
Missouri,29,2000,2000,131,5595211,2.341
Missouri,29,2001,2001,132,5641142,2.34
Missouri,29,2002,2002,189,5674825,3.33
Missouri,29,2003,2003,271,5709403,4.747
Missouri,29,2004,2004,275,5747741,4.784
Missouri,29,2005,2005,302,5790300,5.216
Missouri,29,2006,2006,403,5842704,6.897
Missouri,29,2007,2007,390,5887612,6.624
Missouri,29,2008,2008,475,5923916,8.018
Missouri,29,2009,2009,526,5961088,8.824
Missouri,29,2010,2010,599,5988927,10.002
Missouri,29,2011,2011,595,6010688,9.899
Missouri,29,2012,2012,539,6021988,8.951
Missouri,29,2013,2013,620,6044171,10.258
Missouri,29,2014,2014,696,6063589,11.478
Missouri,29,2015,2015,692,6083672,11.375
Missouri,29,2016,2016,914,6093000,15.001
Missouri,29,2017,2017,952,6113532,15.572
Montana,30,1999,1999,16,897507,Unreliable
Montana,30,2000,2000,11,902195,Unreliable
Montana,30,2001,2001,20,906961,2.205
Montana,30,2002,2002,20,911667,2.194
Montana,30,2003,2003,41,919630,4.458
Montana,30,2004,2004,45,930009,4.839
Montana,30,2005,2005,45,940102,4.787
Montana,30,2006,2006,47,952692,4.933
Montana,30,2007,2007,62,964706,6.427
Montana,30,2008,2008,70,976415,7.169
Montana,30,2009,2009,89,983982,9.045
Montana,30,2010,2010,54,989415,5.458
Montana,30,2011,2011,63,998199,6.311
Montana,30,2012,2012,51,1005141,5.074
Montana,30,2013,2013,67,1015165,6.6
Montana,30,2014,2014,53,1023579,5.178
Montana,30,2015,2015,48,1032949,4.647
Montana,30,2016,2016,42,1042520,4.029
Montana,30,2017,2017,38,1050493,3.617
Nebraska,31,1999,1999,Suppressed,1704764,Suppressed
Nebraska,31,2000,2000,16,1711263,Unreliable
Nebraska,31,2001,2001,32,1719836,1.861
Nebraska,31,2002,2002,25,1728292,1.447
Nebraska,31,2003,2003,14,1738643,Unreliable
Nebraska,31,2004,2004,26,1749370,1.486
Nebraska,31,2005,2005,43,1761497,2.441
Nebraska,31,2006,2006,34,1772693,1.918
Nebraska,31,2007,2007,39,1783440,2.187
Nebraska,31,2008,2008,29,1796378,1.614
Nebraska,31,2009,2009,66,1812683,3.641
Nebraska,31,2010,2010,58,1826341,3.176
Nebraska,31,2011,2011,53,1842641,2.876
Nebraska,31,2012,2012,53,1855525,2.856
Nebraska,31,2013,2013,41,1868516,2.194
Nebraska,31,2014,2014,56,1881503,2.976
Nebraska,31,2015,2015,55,1896190,2.901
Nebraska,31,2016,2016,44,1907116,2.307
Nebraska,31,2017,2017,59,1920076,3.073
Nevada,32,1999,1999,153,1934718,7.908
Nevada,32,2000,2000,178,1998257,8.908
Nevada,32,2001,2001,182,2098399,8.673
Nevada,32,2002,2002,220,2173791,10.121
Nevada,32,2003,2003,244,2248850,10.85
Nevada,32,2004,2004,275,2346222,11.721
Nevada,32,2005,2005,323,2432143,13.28
Nevada,32,2006,2006,343,2522658,13.597
Nevada,32,2007,2007,376,2601072,14.456
Nevada,32,2008,2008,397,2653630,14.961
Nevada,32,2009,2009,439,2684665,16.352
Nevada,32,2010,2010,439,2700551,16.256
Nevada,32,2011,2011,461,2723322,16.928
Nevada,32,2012,2012,446,2758931,16.166
Nevada,32,2013,2013,398,2790136,14.265
Nevada,32,2014,2014,375,2839099,13.208
Nevada,32,2015,2015,419,2890845,14.494
Nevada,32,2016,2016,408,2940058,13.877
Nevada,32,2017,2017,412,2998039,13.742
New Hampshire,33,1999,1999,40,1222014,3.273
New Hampshire,33,2000,2000,29,1235786,2.347
New Hampshire,33,2001,2001,53,1255517,4.221
New Hampshire,33,2002,2002,80,1269089,6.304
New Hampshire,33,2003,2003,92,1279840,7.188
New Hampshire,33,2004,2004,90,1290121,6.976
New Hampshire,33,2005,2005,109,1298492,8.394
New Hampshire,33,2006,2006,104,1308389,7.949
New Hampshire,33,2007,2007,145,1312540,11.047
New Hampshire,33,2008,2008,94,1315906,7.143
New Hampshire,33,2009,2009,126,1316102,9.574
New Hampshire,33,2010,2010,116,1316470,8.811
New Hampshire,33,2011,2011,154,1318194,11.683
New Hampshire,33,2012,2012,133,1320718,10.07
New Hampshire,33,2013,2013,157,1323459,11.863
New Hampshire,33,2014,2014,297,1326813,22.384
New Hampshire,33,2015,2015,380,1330608,28.558
New Hampshire,33,2016,2016,437,1334795,32.739
New Hampshire,33,2017,2017,424,1342795,31.576
New Jersey,34,1999,1999,323,8359592,3.864
New Jersey,34,2000,2000,350,8414350,4.16
New Jersey,34,2001,2001,397,8492671,4.675
New Jersey,34,2002,2002,486,8552643,5.682
New Jersey,34,2003,2003,445,8601402,5.174
New Jersey,34,2004,2004,312,8634561,3.613
New Jersey,34,2005,2005,435,8651974,5.028
New Jersey,34,2006,2006,372,8661679,4.295
New Jersey,34,2007,2007,339,8677885,3.906
New Jersey,34,2008,2008,331,8711090,3.8
New Jersey,34,2009,2009,55,8755602,0.628
New Jersey,34,2010,2010,373,8791894,4.243
New Jersey,34,2011,2011,454,8821155,5.147
New Jersey,34,2012,2012,602,8864590,6.791
New Jersey,34,2013,2013,675,8899339,7.585
New Jersey,34,2014,2014,728,8938175,8.145
New Jersey,34,2015,2015,862,8958013,9.623
New Jersey,34,2016,2016,1409,8944469,15.753
New Jersey,34,2017,2017,1969,9005644,21.864
New Mexico,35,1999,1999,180,1808082,9.955
New Mexico,35,2000,2000,180,1819046,9.895
New Mexico,35,2001,2001,151,1831690,8.244
New Mexico,35,2002,2002,196,1855309,10.564
New Mexico,35,2003,2003,218,1877574,11.611
New Mexico,35,2004,2004,185,1903808,9.717
New Mexico,35,2005,2005,211,1932274,10.92
New Mexico,35,2006,2006,243,1962137,12.384
New Mexico,35,2007,2007,266,1990070,13.366
New Mexico,35,2008,2008,324,2010662,16.114
New Mexico,35,2009,2009,200,2036802,9.819
New Mexico,35,2010,2010,191,2059179,9.276
New Mexico,35,2011,2011,243,2082224,11.67
New Mexico,35,2012,2012,319,2085538,15.296
New Mexico,35,2013,2013,322,2085287,15.442
New Mexico,35,2014,2014,402,2085572,19.275
New Mexico,35,2015,2015,351,2085109,16.834
New Mexico,35,2016,2016,349,2081015,16.771
New Mexico,35,2017,2017,332,2088070,15.9
New York,36,1999,1999,621,18882725,3.289
New York,36,2000,2000,494,18976457,2.603
New York,36,2001,2001,611,19082838,3.202
New York,36,2002,2002,555,19137800,2.9
New York,36,2003,2003,576,19175939,3.004
New York,36,2004,2004,479,19171567,2.498
New York,36,2005,2005,562,19132610,2.937
New York,36,2006,2006,1010,19104631,5.287
New York,36,2007,2007,1029,19132335,5.378
New York,36,2008,2008,1116,19212436,5.809
New York,36,2009,2009,1058,19307066,5.48
New York,36,2010,2010,1074,19378102,5.542
New York,36,2011,2011,1356,19465197,6.966
New York,36,2012,2012,1530,19570261,7.818
New York,36,2013,2013,1681,19651127,8.554
New York,36,2014,2014,1739,19746227,8.807
New York,36,2015,2015,2166,19795791,10.942
New York,36,2016,2016,3009,19745289,15.239
New York,36,2017,2017,3224,19849399,16.242
North Carolina,37,1999,1999,159,7949361,2
North Carolina,37,2000,2000,286,8049313,3.553
North Carolina,37,2001,2001,338,8210122,4.117
North Carolina,37,2002,2002,407,8326201,4.888
North Carolina,37,2003,2003,496,8422501,5.889
North Carolina,37,2004,2004,562,8553152,6.571
North Carolina,37,2005,2005,654,8705407,7.513
North Carolina,37,2006,2006,696,8917270,7.805
North Carolina,37,2007,2007,750,9118037,8.225
North Carolina,37,2008,2008,846,9309449,9.088
North Carolina,37,2009,2009,857,9449566,9.069
North Carolina,37,2010,2010,776,9535483,8.138
North Carolina,37,2011,2011,822,9656401,8.512
North Carolina,37,2012,2012,833,9752073,8.542
North Carolina,37,2013,2013,834,9848060,8.469
North Carolina,37,2014,2014,967,9943964,9.724
North Carolina,37,2015,2015,1171,10042802,11.66
North Carolina,37,2016,2016,1506,10146788,14.842
North Carolina,37,2017,2017,1953,10273419,19.01
North Dakota,38,1999,1999,Suppressed,644259,Suppressed
North Dakota,38,2000,2000,Suppressed,642200,Suppressed
North Dakota,38,2001,2001,Suppressed,639062,Suppressed
North Dakota,38,2002,2002,14,638168,Unreliable
North Dakota,38,2003,2003,Suppressed,638817,Suppressed
North Dakota,38,2004,2004,13,644705,Unreliable
North Dakota,38,2005,2005,Suppressed,646089,Suppressed
North Dakota,38,2006,2006,Suppressed,649422,Suppressed
North Dakota,38,2007,2007,17,652822,Unreliable
North Dakota,38,2008,2008,32,657569,4.866
North Dakota,38,2009,2009,17,664968,Unreliable
North Dakota,38,2010,2010,18,672591,Unreliable
North Dakota,38,2011,2011,10,683932,Unreliable
North Dakota,38,2012,2012,Suppressed,699628,Suppressed
North Dakota,38,2013,2013,11,723393,Unreliable
North Dakota,38,2014,2014,31,739482,4.192
North Dakota,38,2015,2015,34,756927,4.492
North Dakota,38,2016,2016,54,757952,7.124
North Dakota,38,2017,2017,35,755393,4.633
Ohio,39,1999,1999,164,11335454,1.447
Ohio,39,2000,2000,250,11353140,2.202
Ohio,39,2001,2001,336,11387404,2.951
Ohio,39,2002,2002,421,11407889,3.69
Ohio,39,2003,2003,365,11434788,3.192
Ohio,39,2004,2004,515,11452251,4.497
Ohio,39,2005,2005,560,11463320,4.885
Ohio,39,2006,2006,634,11481213,5.522
Ohio,39,2007,2007,705,11500468,6.13
Ohio,39,2008,2008,814,11515391,7.069
Ohio,39,2009,2009,664,11528896,5.759
Ohio,39,2010,2010,1124,11536504,9.743
Ohio,39,2011,2011,1272,11544951,11.018
Ohio,39,2012,2012,1355,11544225,11.737
Ohio,39,2013,2013,1630,11570808,14.087
Ohio,39,2014,2014,2106,11594163,18.164
Ohio,39,2015,2015,2698,11613423,23.232
Ohio,39,2016,2016,3613,11614373,31.108
Ohio,39,2017,2017,4293,11658609,36.823
Oklahoma,40,1999,1999,89,3437147,2.589
Oklahoma,40,2000,2000,127,3450654,3.68
Oklahoma,40,2001,2001,156,3467100,4.499
Oklahoma,40,2002,2002,146,3489080,4.184
Oklahoma,40,2003,2003,254,3504892,7.247
Oklahoma,40,2004,2004,306,3525233,8.68
Oklahoma,40,2005,2005,313,3548597,8.82
Oklahoma,40,2006,2006,383,3594090,10.656
Oklahoma,40,2007,2007,492,3634349,13.538
Oklahoma,40,2008,2008,410,3668976,11.175
Oklahoma,40,2009,2009,568,3717572,15.279
Oklahoma,40,2010,2010,510,3751351,13.595
Oklahoma,40,2011,2011,483,3791508,12.739
Oklahoma,40,2012,2012,531,3814820,13.919
Oklahoma,40,2013,2013,511,3850568,13.271
Oklahoma,40,2014,2014,502,3878051,12.945
Oklahoma,40,2015,2015,427,3911338,10.917
Oklahoma,40,2016,2016,444,3923561,11.316
Oklahoma,40,2017,2017,388,3930864,9.871
Oregon,41,1999,1999,120,3393941,3.536
Oregon,41,2000,2000,106,3421399,3.098
Oregon,41,2001,2001,147,3467937,4.239
Oregon,41,2002,2002,193,3513424,5.493
Oregon,41,2003,2003,209,3547376,5.892
Oregon,41,2004,2004,225,3569463,6.303
Oregon,41,2005,2005,267,3613202,7.39
Oregon,41,2006,2006,359,3670883,9.78
Oregon,41,2007,2007,358,3722417,9.617
Oregon,41,2008,2008,342,3768748,9.075
Oregon,41,2009,2009,368,3808600,9.662
Oregon,41,2010,2010,332,3831074,8.666
Oregon,41,2011,2011,392,3871859,10.124
Oregon,41,2012,2012,361,3899353,9.258
Oregon,41,2013,2013,301,3930065,7.659
Oregon,41,2014,2014,340,3970239,8.564
Oregon,41,2015,2015,331,4028977,8.215
Oregon,41,2016,2016,312,4093465,7.622
Oregon,41,2017,2017,344,4142776,8.304
Pennsylvania,42,1999,1999,320,12263805,2.609
Pennsylvania,42,2000,2000,319,12281054,2.597
Pennsylvania,42,2001,2001,252,12298970,2.049
Pennsylvania,42,2002,2002,345,12331031,2.798
Pennsylvania,42,2003,2003,470,12374658,3.798
Pennsylvania,42,2004,2004,475,12410722,3.827
Pennsylvania,42,2005,2005,504,12449990,4.048
Pennsylvania,42,2006,2006,418,12510809,3.341
Pennsylvania,42,2007,2007,492,12563937,3.916
Pennsylvania,42,2008,2008,611,12612285,4.844
Pennsylvania,42,2009,2009,637,12666858,5.029
Pennsylvania,42,2010,2010,629,12702379,4.952
Pennsylvania,42,2011,2011,752,12742886,5.901
Pennsylvania,42,2012,2012,827,12763536,6.479
Pennsylvania,42,2013,2013,958,12773801,7.5
Pennsylvania,42,2014,2014,1092,12787209,8.54
Pennsylvania,42,2015,2015,1362,12802503,10.639
Pennsylvania,42,2016,2016,2235,12784227,17.482
Pennsylvania,42,2017,2017,2548,12805537,19.898
Rhode Island,44,1999,1999,35,1040402,3.364
Rhode Island,44,2000,2000,57,1048319,5.437
Rhode Island,44,2001,2001,78,1057142,7.378
Rhode Island,44,2002,2002,72,1065995,6.754
Rhode Island,44,2003,2003,99,1071342,9.241
Rhode Island,44,2004,2004,75,1074579,6.979
Rhode Island,44,2005,2005,112,1067916,10.488
Rhode Island,44,2006,2006,130,1063096,12.228
Rhode Island,44,2007,2007,87,1057315,8.228
Rhode Island,44,2008,2008,133,1055003,12.607
Rhode Island,44,2009,2009,115,1053646,10.914
Rhode Island,44,2010,2010,111,1052567,10.546
Rhode Island,44,2011,2011,142,1051302,13.507
Rhode Island,44,2012,2012,140,1050292,13.33
Rhode Island,44,2013,2013,190,1051511,18.069
Rhode Island,44,2014,2014,205,1055173,19.428
Rhode Island,44,2015,2015,254,1056298,24.046
Rhode Island,44,2016,2016,279,1056426,26.41
Rhode Island,44,2017,2017,277,1059639,26.141
South Carolina,45,1999,1999,48,3974682,1.208
South Carolina,45,2000,2000,87,4012012,2.168
South Carolina,45,2001,2001,83,4064995,2.042
South Carolina,45,2002,2002,81,4107795,1.972
South Carolina,45,2003,2003,92,4150297,2.217
South Carolina,45,2004,2004,128,4210921,3.04
South Carolina,45,2005,2005,149,4270150,3.489
South Carolina,45,2006,2006,214,4357847,4.911
South Carolina,45,2007,2007,199,4444110,4.478
South Carolina,45,2008,2008,218,4528996,4.813
South Carolina,45,2009,2009,238,4589872,5.185
South Carolina,45,2010,2010,271,4625364,5.859
South Carolina,45,2011,2011,243,4679230,5.193
South Carolina,45,2012,2012,237,4723723,5.017
South Carolina,45,2013,2013,247,4774839,5.173
South Carolina,45,2014,2014,515,4832482,10.657
South Carolina,45,2015,2015,554,4896146,11.315
South Carolina,45,2016,2016,628,4961119,12.658
South Carolina,45,2017,2017,749,5024369,14.907
South Dakota,46,1999,1999,Suppressed,750412,Suppressed
South Dakota,46,2000,2000,Suppressed,754844,Suppressed
South Dakota,46,2001,2001,Suppressed,757972,Suppressed
South Dakota,46,2002,2002,12,760020,Unreliable
South Dakota,46,2003,2003,Suppressed,763729,Suppressed
South Dakota,46,2004,2004,20,770396,2.596
South Dakota,46,2005,2005,22,775493,2.837
South Dakota,46,2006,2006,23,783033,2.937
South Dakota,46,2007,2007,20,791623,2.526
South Dakota,46,2008,2008,31,799124,3.879
South Dakota,46,2009,2009,35,807067,4.337
South Dakota,46,2010,2010,32,814180,3.93
South Dakota,46,2011,2011,34,824082,4.126
South Dakota,46,2012,2012,24,833354,2.88
South Dakota,46,2013,2013,34,844877,4.024
South Dakota,46,2014,2014,33,853175,3.868
South Dakota,46,2015,2015,27,858469,3.145
South Dakota,46,2016,2016,42,865454,4.853
South Dakota,46,2017,2017,35,869666,4.025
Tennessee,47,1999,1999,89,5638706,1.578
Tennessee,47,2000,2000,100,5689283,1.758
Tennessee,47,2001,2001,136,5750789,2.365
Tennessee,47,2002,2002,167,5795918,2.881
Tennessee,47,2003,2003,294,5847812,5.028
Tennessee,47,2004,2004,379,5910809,6.412
Tennessee,47,2005,2005,447,5991057,7.461
Tennessee,47,2006,2006,470,6088766,7.719
Tennessee,47,2007,2007,479,6175727,7.756
Tennessee,47,2008,2008,480,6247411,7.683
Tennessee,47,2009,2009,535,6306019,8.484
Tennessee,47,2010,2010,633,6346105,9.975
Tennessee,47,2011,2011,633,6403353,9.885
Tennessee,47,2012,2012,723,6456243,11.198
Tennessee,47,2013,2013,767,6495978,11.807
Tennessee,47,2014,2014,863,6549352,13.177
Tennessee,47,2015,2015,1038,6600299,15.727
Tennessee,47,2016,2016,1186,6651194,17.831
Tennessee,47,2017,2017,1269,6715984,18.895
Texas,48,1999,1999,351,20558220,1.707
Texas,48,2000,2000,379,20851820,1.818
Texas,48,2001,2001,561,21319622,2.631
Texas,48,2002,2002,739,21690325,3.407
Texas,48,2003,2003,791,22030931,3.59
Texas,48,2004,2004,814,22394023,3.635
Texas,48,2005,2005,872,22778123,3.828
Texas,48,2006,2006,1067,23359580,4.568
Texas,48,2007,2007,1021,23831983,4.284
Texas,48,2008,2008,944,24309039,3.883
Texas,48,2009,2009,1151,24801761,4.641
Texas,48,2010,2010,1123,25145561,4.466
Texas,48,2011,2011,1178,25674681,4.588
Texas,48,2012,2012,1131,26059203,4.34
Texas,48,2013,2013,1053,26448193,3.981
Texas,48,2014,2014,1151,26956958,4.27
Texas,48,2015,2015,1287,27469114,4.685
Texas,48,2016,2016,1375,27862596,4.935
Texas,48,2017,2017,1458,28304596,5.151
Utah,49,1999,1999,141,2203482,6.399
Utah,49,2000,2000,156,2233169,6.986
Utah,49,2001,2001,157,2283715,6.875
Utah,49,2002,2002,203,2324815,8.732
Utah,49,2003,2003,258,2360137,10.932
Utah,49,2004,2004,264,2401580,10.993
Utah,49,2005,2005,326,2457719,13.264
Utah,49,2006,2006,331,2525507,13.106
Utah,49,2007,2007,359,2597746,13.82
Utah,49,2008,2008,350,2663029,13.143
Utah,49,2009,2009,370,2723421,13.586
Utah,49,2010,2010,336,2763885,12.157
Utah,49,2011,2011,381,2817222,13.524
Utah,49,2012,2012,422,2855287,14.78
Utah,49,2013,2013,432,2900872,14.892
Utah,49,2014,2014,455,2942902,15.461
Utah,49,2015,2015,448,2995919,14.954
Utah,49,2016,2016,466,3051217,15.273
Utah,49,2017,2017,456,3101833,14.701
Vermont,50,1999,1999,15,604683,Unreliable
Vermont,50,2000,2000,22,608827,3.614
Vermont,50,2001,2001,31,612223,5.064
Vermont,50,2002,2002,36,615442,5.849
Vermont,50,2003,2003,45,617858,7.283
Vermont,50,2004,2004,37,619920,5.969
Vermont,50,2005,2005,37,621215,5.956
Vermont,50,2006,2006,57,622892,9.151
Vermont,50,2007,2007,52,623481,8.34
Vermont,50,2008,2008,57,624151,9.132
Vermont,50,2009,2009,39,624817,6.242
Vermont,50,2010,2010,43,625741,6.872
Vermont,50,2011,2011,55,626431,8.78
Vermont,50,2012,2012,55,626011,8.786
Vermont,50,2013,2013,70,626630,11.171
Vermont,50,2014,2014,64,626562,10.214
Vermont,50,2015,2015,79,626042,12.619
Vermont,50,2016,2016,101,624594,16.171
Vermont,50,2017,2017,114,623657,18.279
Virginia,51,1999,1999,201,7000174,2.871
Virginia,51,2000,2000,250,7078515,3.532
Virginia,51,2001,2001,312,7198362,4.334
Virginia,51,2002,2002,352,7286873,4.831
Virginia,51,2003,2003,362,7366977,4.914
Virginia,51,2004,2004,390,7475575,5.217
Virginia,51,2005,2005,363,7577105,4.791
Virginia,51,2006,2006,408,7673725,5.317
Virginia,51,2007,2007,502,7751000,6.477
Virginia,51,2008,2008,490,7833496,6.255
Virginia,51,2009,2009,477,7925937,6.018
Virginia,51,2010,2010,389,8001024,4.862
Virginia,51,2011,2011,575,8096604,7.102
Virginia,51,2012,2012,533,8185867,6.511
Virginia,51,2013,2013,640,8260405,7.748
Virginia,51,2014,2014,758,8326289,9.104
Virginia,51,2015,2015,820,8382993,9.782
Virginia,51,2016,2016,1130,8411808,13.433
Virginia,51,2017,2017,1241,8470020,14.652
Washington,53,1999,1999,353,5842564,6.042
Washington,53,2000,2000,353,5894121,5.989
Washington,53,2001,2001,324,5985722,5.413
Washington,53,2002,2002,455,6052349,7.518
Washington,53,2003,2003,471,6104115,7.716
Washington,53,2004,2004,575,6178645,9.306
Washington,53,2005,2005,603,6257305,9.637
Washington,53,2006,2006,661,6370753,10.376
Washington,53,2007,2007,651,6461587,10.075
Washington,53,2008,2008,690,6562231,10.515
Washington,53,2009,2009,708,6667426,10.619
Washington,53,2010,2010,628,6724540,9.339
Washington,53,2011,2011,697,6830038,10.205
Washington,53,2012,2012,695,6897012,10.077
Washington,53,2013,2013,640,6971406,9.18
Washington,53,2014,2014,673,7061530,9.531
Washington,53,2015,2015,692,7170351,9.651
Washington,53,2016,2016,709,7288000,9.728
Washington,53,2017,2017,742,7405743,10.019
West Virginia,54,1999,1999,33,1811799,1.821
West Virginia,54,2000,2000,50,1808344,2.765
West Virginia,54,2001,2001,138,1801481,7.66
West Virginia,54,2002,2002,178,1805414,9.859
West Virginia,54,2003,2003,193,1812295,10.649
West Virginia,54,2004,2004,251,1816438,13.818
West Virginia,54,2005,2005,140,1820492,7.69
West Virginia,54,2006,2006,285,1827912,15.592
West Virginia,54,2007,2007,332,1834052,18.102
West Virginia,54,2008,2008,371,1840310,20.16
West Virginia,54,2009,2009,184,1847775,9.958
West Virginia,54,2010,2010,451,1852994,24.339
West Virginia,54,2011,2011,550,1855364,29.644
West Virginia,54,2012,2012,468,1855413,25.223
West Virginia,54,2013,2013,490,1854304,26.425
West Virginia,54,2014,2014,554,1850326,29.941
West Virginia,54,2015,2015,629,1844128,34.108
West Virginia,54,2016,2016,733,1831102,40.031
West Virginia,54,2017,2017,833,1815857,45.874
Wisconsin,55,1999,1999,83,5332666,1.556
Wisconsin,55,2000,2000,112,5363675,2.088
Wisconsin,55,2001,2001,140,5406835,2.589
Wisconsin,55,2002,2002,173,5445162,3.177
Wisconsin,55,2003,2003,200,5479203,3.65
Wisconsin,55,2004,2004,221,5514026,4.008
Wisconsin,55,2005,2005,273,5546166,4.922
Wisconsin,55,2006,2006,334,5577655,5.988
Wisconsin,55,2007,2007,371,5610775,6.612
Wisconsin,55,2008,2008,369,5640996,6.541
Wisconsin,55,2009,2009,397,5669264,7.003
Wisconsin,55,2010,2010,415,5686986,7.297
Wisconsin,55,2011,2011,473,5711767,8.281
Wisconsin,55,2012,2012,483,5726398,8.435
Wisconsin,55,2013,2013,599,5742713,10.431
Wisconsin,55,2014,2014,627,5757564,10.89
Wisconsin,55,2015,2015,622,5771337,10.777
Wisconsin,55,2016,2016,866,5778708,14.986
Wisconsin,55,2017,2017,926,5795483,15.978
Wyoming,56,1999,1999,Suppressed,491780,Suppressed
Wyoming,56,2000,2000,10,493782,Unreliable
Wyoming,56,2001,2001,Suppressed,494657,Suppressed
Wyoming,56,2002,2002,17,500017,Unreliable
Wyoming,56,2003,2003,Suppressed,503453,Suppressed
Wyoming,56,2004,2004,12,509106,Unreliable
Wyoming,56,2005,2005,10,514157,Unreliable
Wyoming,56,2006,2006,14,522667,Unreliable
Wyoming,56,2007,2007,25,534876,4.674
Wyoming,56,2008,2008,40,546043,7.325
Wyoming,56,2009,2009,32,559851,5.716
Wyoming,56,2010,2010,47,563626,8.339
Wyoming,56,2011,2011,43,568158,7.568
Wyoming,56,2012,2012,45,576412,7.807
Wyoming,56,2013,2013,48,582658,8.238
Wyoming,56,2014,2014,54,584153,9.244
Wyoming,56,2015,2015,46,586107,7.848
Wyoming,56,2016,2016,50,585501,8.54
Wyoming,56,2017,2017,47,579315,8.113